id,title,score,edited,num_comments,author,created_utc,url,upvote_ratio,over_18,stickied
1d47ie3,Estamos a perder a geração mais qualificada de sempre,191,False,145,jemrate,2024-05-30 16:01:29,https://sicnoticias.pt/programas/reportagemsic/2024-05-30-video-estamos-a-perder-a-geracao-mais-qualificada-de-sempre-2f963d69?,0.96,False,False
1d4sgqu,Médico de família vai ser retirado a 130 mil utentes; centros de saúde privados avançam em julho,52,False,34,VicenteOlisipo,2024-05-31 10:32:58,https://expresso.pt/sociedade/saude/2024-05-29-medico-de-familia-vai-ser-retirado-a-130-mil-utentes-centros-de-saude-privados-avancam-em-julho-708ccf8d,0.9,False,False
1d4b7q2,Empresa onde comecei a trabalhar falsifica documentos,276,False,60,zileano23,2024-05-30 18:45:04,https://www.reddit.com/r/portugal/comments/1d4b7q2/empresa_onde_comecei_a_trabalhar_falsifica/,0.99,False,False
1d4ggbd,"Há um rapaz sem-abrigo a viver na rua perto de mim, e quero ajudá-lo duma maneira específica ",168,True,115,DionisioBorralheda,2024-05-30 22:40:04,https://www.reddit.com/r/portugal/comments/1d4ggbd/há_um_rapaz_semabrigo_a_viver_na_rua_perto_de_mim/,0.97,False,False
1d493xi,Extinção do SEF criou “vazio” na fiscalização do tráfico de seres humanos,98,False,33,Not_As_much94,2024-05-30 17:08:13,https://www.reddit.com/r/portugal/comments/1d493xi/extinção_do_sef_criou_vazio_na_fiscalização_do/,0.99,False,False
1d4fhqo,Preços das casas podem subir com medidas para jovens,112,False,156,One_Coffee9498,2024-05-30 21:55:04,https://www.reddit.com/r/portugal/comments/1d4fhqo/preços_das_casas_podem_subir_com_medidas_para/,0.94,False,False
1d469pa,Pedido na Bolt roubado,81,False,74,Tall-Satisfaction-12,2024-05-30 15:08:03,https://www.reddit.com/r/portugal/comments/1d469pa/pedido_na_bolt_roubado/,0.88,False,False
1d4t02g,A NOS é uma operadora incompetente e sinceramente estou farto ,41,False,50,DrinkAddictAt19yo,2024-05-31 11:07:45,https://www.reddit.com/r/portugal/comments/1d4t02g/a_nos_é_uma_operadora_incompetente_e_sinceramente/,0.9,False,False
1d4qqp4,Digi em Portugal já é uma realidade - Aqui está o speedtest!,66,False,35,sometimesin,2024-05-31 08:29:59,/r/digipt/comments/1d4qpww/aqui_está_o_speedtest_da_digi_em_portugal/,0.98,False,False
1d4fqfq,"Grande Reportagem SIC - SANFIL, a família Amaral Dias e milhões de euros desviados do Estado",49,False,5,pica_foices,2024-05-30 22:06:50,https://youtu.be/PLnDLdLZyUk?si=07Q7TzvoH2i_idly,0.93,False,False
